{
  "docusaurus-plugin-content-docs": {
    "default": {
      "path": "/docs",
      "versions": [
        {
          "name": "current",
          "label": "Next",
          "isLast": true,
          "path": "/docs",
          "mainDocId": "intro",
          "docs": [
            {
              "id": "authentication/login",
              "path": "/docs/api/login",
              "sidebar": "tutorialSidebar"
            },
            {
              "id": "descriptors/descriptors",
              "path": "/docs/api/descriptors",
              "sidebar": "tutorialSidebar"
            },
            {
              "id": "descriptors/statements",
              "path": "/docs/api/statements",
              "sidebar": "tutorialSidebar"
            },
            {
              "id": "intro",
              "path": "/docs/intro",
              "sidebar": "tutorialSidebar"
            }
          ],
          "draftIds": [],
          "sidebars": {
            "tutorialSidebar": {
              "link": {
                "path": "/docs/intro",
                "label": "Introduction"
              }
            }
          }
        }
      ],
      "breadcrumbs": true
    }
  }
}