{
  "id": "authentication/create-a-page copy 3",
  "title": "Test 1",
  "description": "Add Markdown or React files to src/pages to create a standalone page:",
  "source": "@site/docs/authentication/create-a-page copy 3.md",
  "sourceDirName": "authentication",
  "slug": "/authentication/create-a-page copy 3",
  "permalink": "/docs/authentication/create-a-page copy 3",
  "draft": false,
  "unlisted": false,
  "editUrl": "https://github.com/facebook/docusaurus/tree/main/packages/create-docusaurus/templates/shared/docs/authentication/create-a-page copy 3.md",
  "tags": [],
  "version": "current",
  "sidebarPosition": 4,
  "frontMatter": {
    "sidebar_position": 4
  },
  "sidebar": "tutorialSidebar",
  "previous": {
    "title": "Create a Page",
    "permalink": "/docs/authentication/create-a-page"
  },
  "next": {
    "title": "Tutorial - Basics",
    "permalink": "/docs/category/tutorial---basics"
  }
}