{
  "id": "authentication/login",
  "title": "/login",
  "description": "This endpoint allows users to log in and receive an authorization token to access the MatchMaker API.",
  "source": "@site/docs/authentication/login.mdx",
  "sourceDirName": "authentication",
  "slug": "/api/login",
  "permalink": "/docs/api/login",
  "draft": false,
  "unlisted": false,
  "tags": [],
  "version": "current",
  "frontMatter": {
    "title": "/login",
    "slug": "/api/login"
  },
  "sidebar": "tutorialSidebar",
  "previous": {
    "title": "Introduction",
    "permalink": "/docs/intro"
  },
  "next": {
    "title": "/descriptors",
    "permalink": "/docs/api/descriptors"
  }
}