{
  "id": "tutorial-basics/create-a-document",
  "title": "Create a Document",
  "description": "Documents are groups of pages connected through:",
  "source": "@site/docs/tutorial-basics/create-a-document.md",
  "sourceDirName": "tutorial-basics",
  "slug": "/tutorial-basics/create-a-document",
  "permalink": "/docs/tutorial-basics/create-a-document",
  "draft": false,
  "unlisted": false,
  "tags": [],
  "version": "current",
  "sidebarPosition": 2,
  "frontMatter": {
    "sidebar_position": 2
  },
  "sidebar": "tutorialSidebar",
  "previous": {
    "title": "Tutorial - Basics",
    "permalink": "/docs/category/tutorial---basics"
  },
  "next": {
    "title": "Create a Blog Post",
    "permalink": "/docs/tutorial-basics/create-a-blog-post"
  }
}