{
  "id": "descriptors/statements",
  "title": "/statements",
  "description": "",
  "source": "@site/docs/descriptors/statements.mdx",
  "sourceDirName": "descriptors",
  "slug": "/api/statements",
  "permalink": "/docs/api/statements",
  "draft": false,
  "unlisted": false,
  "tags": [],
  "version": "current",
  "frontMatter": {
    "title": "/statements",
    "slug": "/api/statements"
  },
  "sidebar": "tutorialSidebar",
  "previous": {
    "title": "/descriptors",
    "permalink": "/docs/api/descriptors"
  }
}