{
  "id": "authentication/create-a-page copy 2",
  "title": "Create a Page",
  "description": "Add Markdown or React files to src/pages to create a standalone page:",
  "source": "@site/docs/authentication/create-a-page copy 2.md",
  "sourceDirName": "authentication",
  "slug": "/authentication/create-a-page copy 2",
  "permalink": "/docs/authentication/create-a-page copy 2",
  "draft": false,
  "unlisted": false,
  "editUrl": "https://github.com/facebook/docusaurus/tree/main/packages/create-docusaurus/templates/shared/docs/authentication/create-a-page copy 2.md",
  "tags": [],
  "version": "current",
  "sidebarPosition": 1,
  "frontMatter": {
    "sidebar_position": 1
  },
  "sidebar": "tutorialSidebar",
  "previous": {
    "title": "Authentication",
    "permalink": "/docs/category/authentication"
  },
  "next": {
    "title": "Create a Page",
    "permalink": "/docs/authentication/create-a-page copy"
  }
}