{
  "id": "descriptors/login",
  "title": "/descriptors",
  "description": "This endpoint allows users to access descriptors in MatchMaker's database through different query mechanisms.",
  "source": "@site/docs/descriptors/login.mdx",
  "sourceDirName": "descriptors",
  "slug": "/api/descriptors",
  "permalink": "/docs/api/descriptors",
  "draft": false,
  "unlisted": false,
  "tags": [],
  "version": "current",
  "frontMatter": {
    "title": "/descriptors",
    "slug": "/api/descriptors"
  },
  "sidebar": "tutorialSidebar",
  "previous": {
    "title": "Knowledge & Metadata Management",
    "permalink": "/docs/category/knowledge--metadata-management"
  },
  "next": {
    "title": "/statements",
    "permalink": "/docs/api/statements"
  }
}