{
  "id": "intro",
  "title": "Introduction",
  "description": "In this documentation, there are a number of words that would benefit from further elaboration. Here, those words are defined in the context of the MatchMaker ecosystem.",
  "source": "@site/docs/intro.md",
  "sourceDirName": ".",
  "slug": "/intro",
  "permalink": "/docs/intro",
  "draft": false,
  "unlisted": false,
  "tags": [],
  "version": "current",
  "sidebarPosition": 1,
  "frontMatter": {
    "sidebar_position": 1
  },
  "sidebar": "tutorialSidebar",
  "next": {
    "title": "/login",
    "permalink": "/docs/api/login"
  }
}