{
  "id": "authentication/create-a-page2",
  "title": "/login",
  "description": "POST",
  "source": "@site/docs/authentication/create-a-page2.md",
  "sourceDirName": "authentication",
  "slug": "/authentication/create-a-page2",
  "permalink": "/docs/authentication/create-a-page2",
  "draft": false,
  "unlisted": false,
  "tags": [],
  "version": "current",
  "sidebarPosition": 1,
  "frontMatter": {
    "sidebar_position": 1
  },
  "sidebar": "tutorialSidebar",
  "previous": {
    "title": "Authentication",
    "permalink": "/docs/category/authentication"
  },
  "next": {
    "title": "Tutorial - Basics",
    "permalink": "/docs/category/tutorial---basics"
  }
}