{"version":{"pluginId":"default","version":"current","label":"Next","banner":null,"badge":false,"noIndex":false,"className":"docs-version-current","isLast":true,"docsSidebars":{"tutorialSidebar":[{"type":"link","label":"Introduction","href":"/docs/intro","docId":"intro","unlisted":false},{"type":"category","label":"Authentication","collapsible":true,"collapsed":false,"items":[{"type":"link","label":"/login","href":"/docs/api/login","docId":"authentication/login","unlisted":false}]},{"type":"category","label":"Descriptors","collapsible":true,"collapsed":true,"items":[{"type":"link","label":"/descriptors","href":"/docs/api/descriptors","docId":"descriptors/descriptors","unlisted":false},{"type":"link","label":"/statements","href":"/docs/api/statements","docId":"descriptors/statements","unlisted":false}]}]},"docs":{"authentication/login":{"id":"authentication/login","title":"/login","description":"This endpoint allows users to log in and receive an authorization token to access the MatchMaker API.","sidebar":"tutorialSidebar"},"descriptors/descriptors":{"id":"descriptors/descriptors","title":"/descriptors","description":"This endpoint allows users to access descriptors in MatchMaker's database through different query mechanisms.","sidebar":"tutorialSidebar"},"descriptors/statements":{"id":"descriptors/statements","title":"/statements","description":"","sidebar":"tutorialSidebar"},"intro":{"id":"intro","title":"Introduction","description":"In this documentation, there are a number of words that would benefit from further elaboration. Here, those words are defined in the context of the MatchMaker ecosystem.","sidebar":"tutorialSidebar"}}}}